Handle,Title,Parent (brief),Monthly demand,Priority,Exists on 3 Oct 2026
sapphire,Sapphire (all colours),Homepage (level 1 hub),"1,52,860",P1 – hub,no
all-gemstones,All Gemstones,Homepage (level 1 hub),"65,030",P1 – hub,no
topaz,Topaz,Semi-Precious Stones (Upratnas),"29,060",P1,no
yellow-topaz,Yellow Topaz (Sunela),Topaz,"10,380",P1,no
natural-pearl,Natural Pearl,Pearl (Moti),"10,310",P1,no
fire-opal,Fire Opal,Opal,"9,130",P2,no
astrology-gemstones,Astrology Gemstones,Homepage (level 1 hub),"7,860",P1 – hub,no
irani-turquoise,Irani Turquoise (Firoza),Turquoise (Firoza),"5,390",P2,no
blue-gemstones,Blue Gemstones,Gemstones by Colour,"4,880",P2,no
october-birthstones,October Birthstones,Birthstones,"4,400",P2,no
green-gemstones,Green Gemstones,Gemstones by Colour,"4,300",P2,no
ceylon-hessonite,Sri Lankan (Ceylon) Hessonite (Gomed),Hessonite (Gomed),"4,150",P2,no
certified-gemstones,Certified Gemstones,Homepage (level 1 hub),"3,620",P1 – hub,no
september-birthstones,September Birthstones,Birthstones,"3,600",P2,no
november-birthstones,November Birthstones,Birthstones,"3,600",P2,no
december-birthstones,December Birthstones,Birthstones,"3,600",P2,no
sri-lankan-gemstones,Sri Lankan (Ceylon) Gemstones,Homepage (level 1 hub),"3,360",P1 – hub,no
yellow-gemstones,Yellow Gemstones,Gemstones by Colour,"3,220",P2,no
january-birthstones,January Birthstones,Birthstones,"2,900",P3,no
august-birthstones,August Birthstones,Birthstones,"2,900",P3,no
ruby-1-carat,Ruby (Manik) – 1 Carat,Ruby (Manik),"2,800",P3,no
italian-red-coral,Italian Red Coral,Red Coral (Moonga),"2,770",P3,no
gemstones-by-purpose,Gemstones by Purpose,Astrology Gemstones,"2,550",P2,no
gemstones-by-colour,Gemstones by Colour,Homepage (level 1 hub),"2,510",P1 – hub,no
brazilian-emerald,Brazilian Emerald,Emerald (Panna),"2,410",P3,no
february-birthstones,February Birthstones,Birthstones,"2,400",P3,no
march-birthstones,March Birthstones,Birthstones,"2,400",P3,no
april-birthstones,April Birthstones,Birthstones,"2,400",P3,no
june-birthstones,June Birthstones,Birthstones,"2,400",P3,no
july-birthstones,July Birthstones,Birthstones,"2,400",P3,no
red-gemstones,Red Gemstones,Gemstones by Colour,"2,040",P3,no
birthstones,Birthstones,Homepage (level 1 hub),"2,000",P1 – hub,no
bangkok-yellow-sapphire,Bangkok Yellow Sapphire,Yellow Sapphire (Pukhraj),"1,940",P3,no
may-birthstones,May Birthstones,Birthstones,"1,900",P3,no
red-coral-7-ratti,Red Coral (Moonga) – 7 Ratti,Red Coral (Moonga),"1,550",P3,no
japanese-red-coral,Japanese Red Coral,Red Coral (Moonga),"1,490",P3,no
australian-opal,Australian Opal,Opal,"1,410",P3,no
white-gemstones,White Gemstones,Gemstones by Colour,"1,330",P3,no
purple-gemstones,Purple Gemstones,Gemstones by Colour,"1,310",P3,no
emerald-1-carat,Emerald (Panna) – 1 Carat,Emerald (Panna),"1,270",P3,no
emerald-6-ratti,Emerald (Panna) – 6 Ratti,Emerald (Panna),"1,270",P3,no
yellow-sapphire-6-ratti,Yellow Sapphire (Pukhraj) – 6 Ratti,Yellow Sapphire (Pukhraj),"1,240",P3,no
khooni-neelam,Khooni Neelam,Blue Sapphire (Neelam),"1,240",P3,no
bangkok-blue-sapphire,Bangkok Blue Sapphire,Blue Sapphire (Neelam),"1,030",P3,no
pink-gemstones,Pink Gemstones,Gemstones by Colour,"1,020",P3,no
unheated,Unheated & Untreated Gemstones,All Gemstones (also linked from Certified Gemstones),new,P2,no
yellow-sapphire-4-carat,Yellow Sapphire 4 carat,4 carat yellow sapphire page,new,P2,no
