Redirect from,Redirect to
/collections/blue-sapphire-in-astrology,/collections/blue-sapphire
/collections/blue-sapphire-in-delhi,/collections/blue-sapphire
/collections/blue-sapphire-in-india,/collections/blue-sapphire
/collections/blue-sapphire-online,/collections/blue-sapphire
/collections/blue-sapphire-price-in-india,/collections/blue-sapphire
/collections/certified-blue-sapphire,/collections/blue-sapphire
/collections/natural-blue-sapphire,/collections/blue-sapphire
/collections/neelam-price-in-india,/collections/blue-sapphire
/collections/neelam-stone,/collections/blue-sapphire
/collections/neelamani-stone,/collections/blue-sapphire
/collections/gemstone-for-mercury,/collections/budh
/collections/burmese-ruby-gemstones,/collections/burma-ruby
/collections/old-burma-ruby,/collections/burma-ruby
/collections/cats-eye-price-in-india,/collections/cats-eye
/collections/lehsunia-price-in-india,/collections/cats-eye
/collections/sri-lanka-yellow-sapphire,/collections/ceylon-yellow-sapphire
/collections/budh-ratna,/collections/emerald
/collections/buy-emerald-online,/collections/emerald
/collections/certified-emerald-gemstone,/collections/emerald
/collections/emerald-gemstone-in-delhi,/collections/emerald
/collections/emerald-in-astrology,/collections/emerald
/collections/emerald-price-in-india,/collections/emerald
/collections/maragatham-stone,/collections/emerald
/collections/markat-mani,/collections/emerald
/collections/natural-emerald-gemstone,/collections/emerald
/collections/pachu-stone,/collections/emerald
/collections/panna-price-in-india,/collections/emerald
/collections/panna-stone,/collections/emerald
/collections/gemstones-for-jupiter,/collections/guru
/collections/gomed-price-in-india,/collections/hessonite
/collections/hessonite-price-in-india,/collections/hessonite
/collections/dudhiya-pathar-price-in-india,/collections/opal
/collections/opal-price-in-india,/collections/opal
/collections/moti-price-in-india,/collections/pearl
/collections/pearl-price-in-india,/collections/pearl
/collections/mesh-rashi,/collections/rashi-mesh
/collections/moonga-price-in-india,/collections/red-coral
/collections/red-coral-price-in-india,/collections/red-coral
/collections/buy-ruby-in-india,/collections/ruby
/collections/certified-ruby-gemstone,/collections/ruby
/collections/manik-ratna,/collections/ruby
/collections/natural-ruby-gemstone,/collections/ruby
/collections/ruby-for-sun,/collections/ruby
/collections/ruby-gemstone-in-astrology,/collections/ruby
/collections/ruby-gemstone-in-delhi,/collections/ruby
/collections/surya-ratna,/collections/ruby
/collections/yaqoot-stone,/collections/ruby
/collections/gemstone-for-saturn,/collections/shani
/collections/gemstone-for-sun,/collections/surya
/collections/firoza-price-in-india,/collections/turquoise
/collections/turquoise-price-in-india,/collections/turquoise
/collections/safed-pukhraj-price-in-india,/collections/white-sapphire
/collections/white-sapphire-price-in-india,/collections/white-sapphire
/collections/brihaspati-ratna,/collections/yellow-sapphire
/collections/buy-yellow-sapphire-in-india,/collections/yellow-sapphire
/collections/buy-yellow-sapphire-online,/collections/yellow-sapphire
/collections/certified-yellow-sapphire,/collections/yellow-sapphire
/collections/guru-ratna,/collections/yellow-sapphire
/collections/kanak-pushparagam,/collections/yellow-sapphire
/collections/kanaka-pushparagam,/collections/yellow-sapphire
/collections/manjal-pushparagam,/collections/yellow-sapphire
/collections/natural-yellow-sapphire,/collections/yellow-sapphire
/collections/peela-pukhraj,/collections/yellow-sapphire
/collections/pukhraj-price-in-india,/collections/yellow-sapphire
/collections/pukhraj-stone,/collections/yellow-sapphire
/collections/pushparagam,/collections/yellow-sapphire
/collections/yellow-sapphire-in-astrology,/collections/yellow-sapphire
/collections/yellow-sapphire-in-delhi,/collections/yellow-sapphire
/collections/yellow-sapphire-price-in-india,/collections/yellow-sapphire
/collections/health,/collections/red-coral
/collections/cateye,/collections/cats-eye
/collections/padparadsha-sapphire,/collections/padparadscha-sapphire
/collections/navratana,/collections/navratna
/collections/kashmir-blue-sapphire-5-carat,/collections/kashmir-blue-sapphire
/collections/all-sapphires,/collections/sapphire
/pages/contact,/pages/contact-us
/pages/certification,/pages/certified-by-12-world-class-labs
