Redirect from,Redirect to,Reason,Source status on 3 Oct 2026,Action before import
/collections/blue-sapphire-in-astrology,/collections/blue-sapphire,Astrology variant,LIVE collection,"Delete or unpublish the collection first (check GSC clicks, move unique copy/products to the target)"
/collections/blue-sapphire-in-delhi,/collections/blue-sapphire,Location variant,LIVE collection,"Delete or unpublish the collection first (check GSC clicks, move unique copy/products to the target)"
/collections/blue-sapphire-in-india,/collections/blue-sapphire,Location variant,LIVE collection,"Delete or unpublish the collection first (check GSC clicks, move unique copy/products to the target)"
/collections/blue-sapphire-online,/collections/blue-sapphire,Buy/online variant,LIVE collection,"Delete or unpublish the collection first (check GSC clicks, move unique copy/products to the target)"
/collections/blue-sapphire-price-in-india,/collections/blue-sapphire,Price variant,LIVE collection,"Delete or unpublish the collection first (check GSC clicks, move unique copy/products to the target)"
/collections/certified-blue-sapphire,/collections/blue-sapphire,Natural/certified variant,LIVE collection,"Delete or unpublish the collection first (check GSC clicks, move unique copy/products to the target)"
/collections/natural-blue-sapphire,/collections/blue-sapphire,Natural/certified variant,LIVE collection,"Delete or unpublish the collection first (check GSC clicks, move unique copy/products to the target)"
/collections/neelam-price-in-india,/collections/blue-sapphire,Price variant,LIVE collection,"Delete or unpublish the collection first (check GSC clicks, move unique copy/products to the target)"
/collections/neelam-stone,/collections/blue-sapphire,Regional-name variant,LIVE collection,"Delete or unpublish the collection first (check GSC clicks, move unique copy/products to the target)"
/collections/neelamani-stone,/collections/blue-sapphire,Regional-name variant,LIVE collection,"Delete or unpublish the collection first (check GSC clicks, move unique copy/products to the target)"
/collections/gemstone-for-mercury,/collections/budh,Duplicate,LIVE collection,"Delete or unpublish the collection first (check GSC clicks, move unique copy/products to the target)"
/collections/burmese-ruby-gemstones,/collections/burma-ruby,Duplicate,LIVE collection,"Delete or unpublish the collection first (check GSC clicks, move unique copy/products to the target)"
/collections/old-burma-ruby,/collections/burma-ruby,Duplicate,LIVE collection,"Delete or unpublish the collection first (check GSC clicks, move unique copy/products to the target)"
/collections/cats-eye-price-in-india,/collections/cats-eye,Price variant,LIVE collection,"Delete or unpublish the collection first (check GSC clicks, move unique copy/products to the target)"
/collections/lehsunia-price-in-india,/collections/cats-eye,Price variant,LIVE collection,"Delete or unpublish the collection first (check GSC clicks, move unique copy/products to the target)"
/collections/sri-lanka-yellow-sapphire,/collections/ceylon-yellow-sapphire,Duplicate,LIVE collection,"Delete or unpublish the collection first (check GSC clicks, move unique copy/products to the target)"
/collections/budh-ratna,/collections/emerald,Astrology variant,LIVE collection,"Delete or unpublish the collection first (check GSC clicks, move unique copy/products to the target)"
/collections/buy-emerald-online,/collections/emerald,Buy/online variant,LIVE collection,"Delete or unpublish the collection first (check GSC clicks, move unique copy/products to the target)"
/collections/certified-emerald-gemstone,/collections/emerald,Natural/certified variant,LIVE collection,"Delete or unpublish the collection first (check GSC clicks, move unique copy/products to the target)"
/collections/emerald-gemstone-in-delhi,/collections/emerald,Location variant,LIVE collection,"Delete or unpublish the collection first (check GSC clicks, move unique copy/products to the target)"
/collections/emerald-in-astrology,/collections/emerald,Astrology variant,LIVE collection,"Delete or unpublish the collection first (check GSC clicks, move unique copy/products to the target)"
/collections/emerald-price-in-india,/collections/emerald,Price variant,LIVE collection,"Delete or unpublish the collection first (check GSC clicks, move unique copy/products to the target)"
/collections/maragatham-stone,/collections/emerald,Regional-name variant,LIVE collection,"Delete or unpublish the collection first (check GSC clicks, move unique copy/products to the target)"
/collections/markat-mani,/collections/emerald,Regional-name variant,LIVE collection,"Delete or unpublish the collection first (check GSC clicks, move unique copy/products to the target)"
/collections/natural-emerald-gemstone,/collections/emerald,Natural/certified variant,LIVE collection,"Delete or unpublish the collection first (check GSC clicks, move unique copy/products to the target)"
/collections/pachu-stone,/collections/emerald,Regional-name variant,LIVE collection,"Delete or unpublish the collection first (check GSC clicks, move unique copy/products to the target)"
/collections/panna-price-in-india,/collections/emerald,Price variant,LIVE collection,"Delete or unpublish the collection first (check GSC clicks, move unique copy/products to the target)"
/collections/panna-stone,/collections/emerald,Regional-name variant,LIVE collection,"Delete or unpublish the collection first (check GSC clicks, move unique copy/products to the target)"
/collections/gemstones-for-jupiter,/collections/guru,Duplicate,LIVE collection,"Delete or unpublish the collection first (check GSC clicks, move unique copy/products to the target)"
/collections/gomed-price-in-india,/collections/hessonite,Price variant,LIVE collection,"Delete or unpublish the collection first (check GSC clicks, move unique copy/products to the target)"
/collections/hessonite-price-in-india,/collections/hessonite,Price variant,LIVE collection,"Delete or unpublish the collection first (check GSC clicks, move unique copy/products to the target)"
/collections/dudhiya-pathar-price-in-india,/collections/opal,Price variant,LIVE collection,"Delete or unpublish the collection first (check GSC clicks, move unique copy/products to the target)"
/collections/opal-price-in-india,/collections/opal,Price variant,LIVE collection,"Delete or unpublish the collection first (check GSC clicks, move unique copy/products to the target)"
/collections/moti-price-in-india,/collections/pearl,Price variant,LIVE collection,"Delete or unpublish the collection first (check GSC clicks, move unique copy/products to the target)"
/collections/pearl-price-in-india,/collections/pearl,Price variant,LIVE collection,"Delete or unpublish the collection first (check GSC clicks, move unique copy/products to the target)"
/collections/mesh-rashi,/collections/rashi-mesh,Duplicate,LIVE collection,"Delete or unpublish the collection first (check GSC clicks, move unique copy/products to the target)"
/collections/moonga-price-in-india,/collections/red-coral,Price variant,LIVE collection,"Delete or unpublish the collection first (check GSC clicks, move unique copy/products to the target)"
/collections/red-coral-price-in-india,/collections/red-coral,Price variant,LIVE collection,"Delete or unpublish the collection first (check GSC clicks, move unique copy/products to the target)"
/collections/buy-ruby-in-india,/collections/ruby,Location variant,LIVE collection,"Delete or unpublish the collection first (check GSC clicks, move unique copy/products to the target)"
/collections/certified-ruby-gemstone,/collections/ruby,Natural/certified variant,LIVE collection,"Delete or unpublish the collection first (check GSC clicks, move unique copy/products to the target)"
/collections/manik-ratna,/collections/ruby,Astrology variant,LIVE collection,"Delete or unpublish the collection first (check GSC clicks, move unique copy/products to the target)"
/collections/natural-ruby-gemstone,/collections/ruby,Natural/certified variant,LIVE collection,"Delete or unpublish the collection first (check GSC clicks, move unique copy/products to the target)"
/collections/ruby-for-sun,/collections/ruby,Duplicate,LIVE collection,"Delete or unpublish the collection first (check GSC clicks, move unique copy/products to the target)"
/collections/ruby-gemstone-in-astrology,/collections/ruby,Astrology variant,LIVE collection,"Delete or unpublish the collection first (check GSC clicks, move unique copy/products to the target)"
/collections/ruby-gemstone-in-delhi,/collections/ruby,Location variant,LIVE collection,"Delete or unpublish the collection first (check GSC clicks, move unique copy/products to the target)"
/collections/surya-ratna,/collections/ruby,Astrology variant,LIVE collection,"Delete or unpublish the collection first (check GSC clicks, move unique copy/products to the target)"
/collections/yaqoot-stone,/collections/ruby,Regional-name variant,LIVE collection,"Delete or unpublish the collection first (check GSC clicks, move unique copy/products to the target)"
/collections/gemstone-for-saturn,/collections/shani,Duplicate,LIVE collection,"Delete or unpublish the collection first (check GSC clicks, move unique copy/products to the target)"
/collections/gemstone-for-sun,/collections/surya,Duplicate,LIVE collection,"Delete or unpublish the collection first (check GSC clicks, move unique copy/products to the target)"
/collections/firoza-price-in-india,/collections/turquoise,Price variant,LIVE collection,"Delete or unpublish the collection first (check GSC clicks, move unique copy/products to the target)"
/collections/turquoise-price-in-india,/collections/turquoise,Price variant,LIVE collection,"Delete or unpublish the collection first (check GSC clicks, move unique copy/products to the target)"
/collections/safed-pukhraj-price-in-india,/collections/white-sapphire,Price variant,LIVE collection,"Delete or unpublish the collection first (check GSC clicks, move unique copy/products to the target)"
/collections/white-sapphire-price-in-india,/collections/white-sapphire,Price variant,LIVE collection,"Delete or unpublish the collection first (check GSC clicks, move unique copy/products to the target)"
/collections/brihaspati-ratna,/collections/yellow-sapphire,Astrology variant,LIVE collection,"Delete or unpublish the collection first (check GSC clicks, move unique copy/products to the target)"
/collections/buy-yellow-sapphire-in-india,/collections/yellow-sapphire,Location variant,LIVE collection,"Delete or unpublish the collection first (check GSC clicks, move unique copy/products to the target)"
/collections/buy-yellow-sapphire-online,/collections/yellow-sapphire,Buy/online variant,LIVE collection,"Delete or unpublish the collection first (check GSC clicks, move unique copy/products to the target)"
/collections/certified-yellow-sapphire,/collections/yellow-sapphire,Natural/certified variant,LIVE collection,"Delete or unpublish the collection first (check GSC clicks, move unique copy/products to the target)"
/collections/guru-ratna,/collections/yellow-sapphire,Astrology variant,LIVE collection,"Delete or unpublish the collection first (check GSC clicks, move unique copy/products to the target)"
/collections/kanak-pushparagam,/collections/yellow-sapphire,Regional-name variant,LIVE collection,"Delete or unpublish the collection first (check GSC clicks, move unique copy/products to the target)"
/collections/kanaka-pushparagam,/collections/yellow-sapphire,Regional-name variant,LIVE collection,"Delete or unpublish the collection first (check GSC clicks, move unique copy/products to the target)"
/collections/manjal-pushparagam,/collections/yellow-sapphire,Regional-name variant,LIVE collection,"Delete or unpublish the collection first (check GSC clicks, move unique copy/products to the target)"
/collections/natural-yellow-sapphire,/collections/yellow-sapphire,Natural/certified variant,LIVE collection,"Delete or unpublish the collection first (check GSC clicks, move unique copy/products to the target)"
/collections/peela-pukhraj,/collections/yellow-sapphire,Regional-name variant,LIVE collection,"Delete or unpublish the collection first (check GSC clicks, move unique copy/products to the target)"
/collections/pukhraj-price-in-india,/collections/yellow-sapphire,Price variant,LIVE collection,"Delete or unpublish the collection first (check GSC clicks, move unique copy/products to the target)"
/collections/pukhraj-stone,/collections/yellow-sapphire,Regional-name variant,LIVE collection,"Delete or unpublish the collection first (check GSC clicks, move unique copy/products to the target)"
/collections/pushparagam,/collections/yellow-sapphire,Regional-name variant,LIVE collection,"Delete or unpublish the collection first (check GSC clicks, move unique copy/products to the target)"
/collections/yellow-sapphire-in-astrology,/collections/yellow-sapphire,Astrology variant,LIVE collection,"Delete or unpublish the collection first (check GSC clicks, move unique copy/products to the target)"
/collections/yellow-sapphire-in-delhi,/collections/yellow-sapphire,Location variant,LIVE collection,"Delete or unpublish the collection first (check GSC clicks, move unique copy/products to the target)"
/collections/yellow-sapphire-price-in-india,/collections/yellow-sapphire,Price variant,LIVE collection,"Delete or unpublish the collection first (check GSC clicks, move unique copy/products to the target)"
/collections/health,/collections/red-coral,Purpose (YMYL risk) – delete page first,LIVE collection,"Delete or unpublish the collection first (check GSC clicks, move unique copy/products to the target)"
/collections/cateye,/collections/cats-eye,Wrong handle used in menu,404 / already redirected,Import as-is (skip the row if Shopify reports it already exists)
/collections/padparadsha-sapphire,/collections/padparadscha-sapphire,Misspelt handle used in menu,404 / already redirected,Import as-is (skip the row if Shopify reports it already exists)
/collections/navratana,/collections/navratna,Misspelt handle (112 internal links),404 / already redirected,Import as-is (skip the row if Shopify reports it already exists)
/collections/kashmir-blue-sapphire-5-carat,/collections/kashmir-blue-sapphire,Handle not live (87 internal links),404 / already redirected,Import as-is (skip the row if Shopify reports it already exists)
/collections/all-sapphires,/collections/sapphire,Old menu handle for the sapphire hub,404 / already redirected,Import as-is (skip the row if Shopify reports it already exists)
/pages/contact,/pages/contact-us,Duplicate contact page,page,Delete the page first (/pages/contact exists; /pages/certification is already a 404)
/pages/certification,/pages/certified-by-12-world-class-labs,Duplicate certification page (confirm which to keep),page,Delete the page first (/pages/contact exists; /pages/certification is already a 404)
/collections/career,/collections/gemstones-by-purpose,Purpose page,LIVE collection,LATER: Noindex now; 301 once the hub is live
/collections/education,/collections/gemstones-by-purpose,Purpose page,LIVE collection,LATER: Noindex now; 301 once the hub is live
/collections/peace,/collections/gemstones-by-purpose,Purpose page,LIVE collection,LATER: Noindex now; 301 once the hub is live
/collections/relationship,/collections/gemstones-by-purpose,Purpose page,LIVE collection,LATER: Noindex now; 301 once the hub is live
